"","rho 1","rho 2","rho 3","P 1","P 2","P 3"
"age","0.659438924605494","0.395859608108524","0.246177981482051","= 3.72e-08","= 0.002","= 0.063"
"sex","0.750146113383986","0.149035651665693","0.256575102279369","< 2.2e-16","= 0.263","= 0.052"
"NSAIDS","0.600292226767972","0.413762342735858","0.350149189455228","= 8.97e-07","= 0.001","= 0.007"
"BMI","0.50146113383986","0.449260204866345","0.661447599126396","= 6.56e-05","= 4.62e-04","= 4.46e-08"
"antibiotics","0.71531268264173","0.310037220462026","0.411363007167246","< 2.2e-16","= 0.018","= 0.001"
